accountId,handle,name,lastPostAt,status,url
1969030448962752512,luvusdev,Luvus,2026-08-30T03:49:33.000Z,active,https://x.com/luvusdev
12,jack,jack,2015-06-01T12:00:00.000Z,quiet,https://x.com/jack
44196397,elonmusk,Elon Musk,2026-08-29T18:11:00.000Z,active,https://x.com/elonmusk
783214,X,X,2024-01-15T09:00:00.000Z,quiet,https://x.com/X
2244994945,XDevelopers,Developers,2023-11-02T16:22:10.000Z,quiet,https://x.com/XDevelopers
999000111,neverposted,Never Posted,,quiet,https://x.com/neverposted
888000222,brokenfetch,Broken Fetch,,error,https://x.com/brokenfetch
777000333,comma_name,"Account With Comma, Inc",2022-04-04T04:04:04.000Z,quiet,https://x.com/comma_name
666000444,oldthread,Old Thread,2020-12-25T00:00:00.000Z,quiet,https://x.com/oldthread
555000555,recentish,Recent-ish,2026-06-01T08:30:00.000Z,active,https://x.com/recentish
100000001,quiet2016a,Quiet 2016 A,2016-03-12T10:00:00.000Z,quiet,https://x.com/quiet2016a
100000002,quiet2016b,Quiet 2016 B,2016-11-02T18:22:00.000Z,quiet,https://x.com/quiet2016b
100000003,quiet2017a,Quiet 2017 A,2017-01-19T08:11:00.000Z,quiet,https://x.com/quiet2017a
100000004,quiet2017b,Quiet 2017 B,2017-07-04T14:00:00.000Z,quiet,https://x.com/quiet2017b
100000005,quiet2017c,Quiet 2017 C,2017-12-31T23:00:00.000Z,quiet,https://x.com/quiet2017c
100000006,quiet2018a,Quiet 2018 A,2018-02-14T09:30:00.000Z,quiet,https://x.com/quiet2018a
100000007,quiet2018b,Quiet 2018 B,2018-09-01T16:45:00.000Z,quiet,https://x.com/quiet2018b
100000008,quiet2019a,Quiet 2019 A,2019-04-21T11:00:00.000Z,quiet,https://x.com/quiet2019a
100000009,quiet2019b,Quiet 2019 B,2019-08-08T08:08:00.000Z,quiet,https://x.com/quiet2019b
100000010,quiet2019c,Quiet 2019 C,2019-12-01T20:15:00.000Z,quiet,https://x.com/quiet2019c
100000011,quiet2020a,Quiet 2020 A,2020-03-20T12:00:00.000Z,quiet,https://x.com/quiet2020a
100000012,quiet2020b,Quiet 2020 B,2020-06-15T07:40:00.000Z,quiet,https://x.com/quiet2020b
100000013,quiet2021a,Quiet 2021 A,2021-01-02T01:00:00.000Z,quiet,https://x.com/quiet2021a
100000014,quiet2021b,Quiet 2021 B,2021-05-18T13:13:00.000Z,quiet,https://x.com/quiet2021b
100000015,quiet2021c,Quiet 2021 C,2021-10-10T10:10:00.000Z,quiet,https://x.com/quiet2021c
100000016,quiet2021d,Quiet 2021 D,2021-11-30T22:00:00.000Z,quiet,https://x.com/quiet2021d
100000017,quiet2022a,Quiet 2022 A,2022-01-15T09:00:00.000Z,quiet,https://x.com/quiet2022a
100000018,quiet2022b,Quiet 2022 B,2022-08-22T17:30:00.000Z,quiet,https://x.com/quiet2022b
100000019,quiet2023a,Quiet 2023 A,2023-02-02T02:02:00.000Z,quiet,https://x.com/quiet2023a
100000020,quiet2023b,Quiet 2023 B,2023-06-06T06:06:00.000Z,quiet,https://x.com/quiet2023b
100000021,quiet2023c,Quiet 2023 C,2023-09-09T09:09:00.000Z,quiet,https://x.com/quiet2023c
100000022,quiet2024a,Quiet 2024 A,2024-03-03T03:03:00.000Z,quiet,https://x.com/quiet2024a
100000023,quiet2024b,Quiet 2024 B,2024-07-07T07:07:00.000Z,quiet,https://x.com/quiet2024b
100000024,quiet2025a,Quiet 2025 A,2025-01-11T11:11:00.000Z,quiet,https://x.com/quiet2025a
100000025,quiet2025b,Quiet 2025 B,2025-05-05T05:05:00.000Z,quiet,https://x.com/quiet2025b
100000026,unknowna,Unknown A,,quiet,https://x.com/unknowna
100000027,unknownb,Unknown B,,quiet,https://x.com/unknownb
100000028,active2026a,Active 2026 A,2026-07-12T12:00:00.000Z,active,https://x.com/active2026a
100000029,active2026b,Active 2026 B,2026-08-01T18:00:00.000Z,active,https://x.com/active2026b
100000030,quiet2015b,Quiet 2015 B,2015-09-09T09:00:00.000Z,quiet,https://x.com/quiet2015b
